Manufacturer;TypeModel;OrigineSérie;Name;Location;Categorie;Description;Statut;Poids;Puissance;Depart Electrique 1;Depart Electrique 2;U;Surface
BNT;NG;XPQNT 00390030;BNT A CMS18;X32A12D13U01;Switch;Optical Tranceiver ;Productive;0.5;0.035;S14.06 PH0;;1;0.01 sqm
3COM;ETHERNET HUB 8;7H6V0E393D;HUB 1 CMS18;X32A12D13U01;Switch;HUB;Productive;1;0.02;S14.06 PH0;;1;0.03 sqm
BNT;NG;XPQNT 00460039;BNT C CMS18;X32A12D13U02;Switch;Optical Tranceiver ;Productive;0.5;0.035;S13.06 PH0;;1;0.01 sqm
3COM;ETHERNET HUB 8;7H6V0E3714;HUB 2 CMS18;X32A12D13U02;Switch;HUB;Productive;1;0.02;S13.06 PH0;;1;0.03 sqm
Dell;OptiPlex - 790 USFF;FTLV75J;CEDICAM UC 64427;X32A12D13U05;Server;Desktop 790 Ultra Small Form Factor (USFF ) ;Productive;4;0.2;;;0;0.02 sqm
Dell;15FP - 1U;CN-0D320J-74261-91H-8R6S;;X32A12D13U06;Other;FLAT PANEL COLOR MONITOR 1U;Productive;4;0.1;;;1;0.08 sqm
Compaq;TFT5600RKM;9Y29JTJ86 020;PC DE SPARE;X32A12D13U07;Other;;Productive;2;0;;;1;0.12 sqm
3COM;ETHERNET HUB 8;7H3F007500;HUB1 SPARE;X32A12D13U08;Switch;HUB;Productive;1;0.02;;;1;0.03 sqm
3COM;ETHERNET HUB 8;7H3F007497;HUB2 SPARE;X32A12D13U08;Switch;HUB;Productive;1;0.02;;;1;0.03 sqm
BNT;NG;XPQNT 00500081;BNT A CMS06;X32A12D13U11;Switch;Optical Tranceiver ;Productive;0.5;0.035;S14.09 PH0;;1;0.01 sqm
3COM;ETHERNET HUB 8;7H6B100D6F;HUB 1 CMS06;X32A12D13U11;Switch;HUB;Productive;1;0.02;S14.09 PH0;;1;0.03 sqm
BNT;NG;XPQNT 0106013;BNT A CMS01;X32A12D13U12;Switch;Optical Tranceiver ;Productive;0.5;0.035;S13.06 PH0;;1;0.01 sqm
3COM;ETHERNET HUB 8;7H6V0E396A;HUB 2 CMS06;X32A12D13U12;Switch;HUB;Productive;1;0.02;S13.07 PH0;;1;0.03 sqm
BNT;NG;XPQNT 00500069;BNT A CMS01;X32A12D13U13;Switch;Optical Tranceiver ;Productive;0.5;0.035;S14.09 PH0;;1;0.01 sqm
3COM;ETHERNET HUB 8;KH6S006234;HUB 1 CMS01;X32A12D13U13;Switch;HUB;Productive;1;0.02;S14.09 PH0;;1;0.03 sqm
3COM;ETHERNET HUB 8;7H6V100AD7;HUB 2 CMS01;X32A12D13U14;Switch;HUB;Productive;1;0.02;S13.07 PH0;;1;0.03 sqm
BNT;NG;XPQNT 00490055;BNT C CMS01;X32A12D13U14;Switch;Optical Tranceiver ;Productive;0.5;0.035;S14.07 PH0;;1;0.01 sqm
3COM;ETHERNET HUB 8;7H3V19840E;HUB2 CMS26;X32A12D13U15;Switch;HUB;Productive;1;0.02;S13.01 PH0;;1;0.03 sqm
Bull;Crypt2Pay - 200;XPQNT00490056;BNG A CMS26;X32A12D13U15;Switch;ENCRYPTER 76610249;Productive;9;1;S13.01 PH0;;2;0.15 sqm
3COM;ETHERNET HUB 8;7H6V100CA1;HUB1 CMS26;X32A12D13U15;Switch;HUB;Productive;1;0.02;;;1;0.03 sqm
Bull;Crypt2Pay - 200;XPQNT00500078;CMS26 BNG D;X32A12D13U15;Switch;ENCRYPTER 76610249;Productive;9;1;S13.01 PH0;;2;0.15 sqm
BNT;NG;XPQNT 00200005;BNT SPARE A B2;X32A12D13U18;Switch;Optical Tranceiver ;Productive;0.5;0.035;;;1;0.01 sqm
BNT;NG;XPQNT 00490058;BNT SPARE C B2;X32A12D13U18;Switch;Optical Tranceiver ;Productive;0.5;0.035;;;1;0.01 sqm
BNT;NG;XPQNT 00390013;BNT SPARE C B2;X32A12D13U18;Switch;Optical Tranceiver ;Productive;0.5;0.035;;;1;0.01 sqm
BNT;NG;XPQNT 01060103;BNT C CMS06;X32A12D13U18;Switch;Optical Tranceiver ;Productive;0.5;0.035;S13.07 PH0;;1;0.01 sqm
BNT;NG;XPQNT 00480045;BNT SPARE A B2;X32A12D13U19;Switch;Optical Tranceiver ;Productive;0.5;0.035;;;1;0.01 sqm
Bull;Crypt2Pay - 200;XPQNT00510099;BNG C CMS26;X32A12D13U22;Switch;ENCRYPTER 76610249;Productive;9;1;S13.01 PH0;;2;0.15 sqm
Bull;Crypt2Pay - 200;XPQNT00480042;BNG C CMS26;X32A12D13U23;Switch;ENCRYPTER 76610249;Productive;9;1;S13.01 PH0;;2;0.15 sqm
Bull;Crypt2Pay - 200;XPQNT00500080;CMS27 BNG D;X32A12D13U31;Switch;ENCRYPTER 76610249;Productive;9;1;S13.01 PH0;;2;0.15 sqm
3COM;ETHERNET HUB 8;7H6V100A3F;HUB2 CMS27;X32A12D13U31;Switch;HUB;Productive;1;0.02;;;1;0.03 sqm
Bull;Crypt2Pay - 200;XPQNT01060106;BNG C CMS26;X32A12D13U31;Switch;ENCRYPTER 76610249;Productive;9;1;S13.01 PH0;;2;0.15 sqm
Bull;Crypt2Pay - 200;XPQNT00500071;BNG C CMS27;X32A12D13U31;Switch;ENCRYPTER 76610249;Productive;9;1;S13.01 PH0;;2;0.15 sqm
3COM;ETHERNET HUB 8;7H3V19C117;HUB1 CMS27;X32A12D13U31;Switch;HUB;Productive;1;0.02;S13.01 PH0;;1;0.03 sqm
Bull;Crypt2Pay - 200;XPQNT00390014;BNG A CMS27;X32A12D13U39;Switch;ENCRYPTER 76610249;Productive;9;1;S13.01 PH0;;2;0.15 sqm
DAMAC;RACK 45Umod;16843;CABINET TL03;X32A13D03;Rack;45U CABINET;Productive;250;0;;;45;0.65 sqm
IBM;7979 - A1G;99R9507;NA;X32A13D03U12;Server;System X3650;Removel (source);29;0.97;USF 1;USF 2;2;0.31 sqm
DAMAC;RACK 45Umod;16841;CABINET TL02;X32A13D04;Rack;Modified 45U Cabinet;Productive;250;0;;;45;0.65 sqm
DAMAC;RACK 45Umod;16844;CABINET TL01;X32A13D05;Rack;Modified 45U Cabinet;Productive;250;0;;;45;0.65 sqm
Cisco;2901;FGL192522HZ;IMOP-RTROA-SNI-INF-10A;X32A13D05U43;Switch;High Performance Switch;Productive;7;0.175;;;1;0.19 sqm
DAMAC;RACK 45Umod;16846;CABINET DS02;X32A13D06;Rack;Modified 45U Cabinet;Productive;250;0;;;45;0.65 sqm
DAMAC;RACK 45Umod;16848;CABINET DS01;X32A13D07;Rack;Modified 45U Cabinet;Productive;250;0;;;45;0.65 sqm
DAMAC;RACK 45Umod;16842;CABINET CS01;X32A13D08;Rack;Modified 45U Cabinet;Productive;250;0;;;45;0.65 sqm
DAMAC;RACK 45Umod;16847;CABINET CS02;X32A13D09;Rack;Modified 45U Cabinet;Productive;250;0;;;45;0.65 sqm
Noname;Panel 36;Toa19d14u33ar;35m;X32A13D09U40;Patchpanel;Patch panel with 36 ports;Productive;1;0;;;1;0.05 sqm
DAMAC;RACK 45Umod;16852;CABINET DS03;X32A13D10;Rack;Modified 45U Cabinet;Productive;250;0;;;45;0.65 sqm
DAMAC;RACK 45Umod;16851;CABINET DS04;X32A13D11;Rack;Modified 45U Cabinet;Productive;250;0;;;45;0.65 sqm
DAMAC;RACK 45Umod;16849;CABINET TL11;X32A13D12;Rack;Modified 45U Cabinet;Productive;250;0;;;45;0.65 sqm
IBM;C13 - 7;;16A;X32A13D12U01;ACU;DPI 16A Universal Rack PDU;Productive;1;0;;;1;0.05 sqm
IBM;C13 - 7;;16A;X32A13D12U02;ACU;DPI 16A Universal Rack PDU;Productive;1;0;;;1;0.05 sqm
IBM;C13 - 12;S2.37 PH1;32A;X32A13D12U03;ACU;DPI 32A Universal Rack PDU;Productive;2;0;;;1;0.10 sqm
IBM;C13 - 12;S1.34 PH1;32A;X32A13D12U04;ACU;DPI 32A Universal Rack PDU;Productive;2;0;;;1;0.10 sqm
DAMAC;RACK 45Umod;16845;CABINET TL12;X32A13D13;Rack;Modified 45U Cabinet+D578+D143;Productive;250;0;;;45;0.65 sqm
IBM;C13 - 7;;16A;X32A13D13U01;ACU;DPI 16A Universal Rack PDU;Productive;1;0;;;1;0.05 sqm
IBM;C13 - 7;;16A;X32A13D13U02;ACU;DPI 16A Universal Rack PDU;Productive;1;0;;;1;0.05 sqm
IBM;C13 - 12;S2.37 PH2;32A;X32A13D13U03;ACU;DPI 32A Universal Rack PDU;Productive;2;0;;;1;0.10 sqm
IBM;C13 - 12;S1.34 PH2;32A;X32A13D13U04;ACU;DPI 32A Universal Rack PDU;Productive;2;0;;;1;0.10 sqm
Noname;Panel 24;CuTob21a14d08u45;;X32A13D13U41;Patchpanel;Patch panel with 24 ports;Productive;1;0;;;1;0.05 sqm
Noname;Panel 24;CuTob21a14d08u44;;X32A13D13U42;Patchpanel;;Productive;1;0;;;1;0.05 sqm
DAMAC;RACK 45Umod;16850;CABINET TL13;X32A13D14;Rack;Modified 45U Cabinet;Productive;250;0;;;45;0.65 sqm
IBM;C13 - 7;;16A;X32A13D14U01;ACU;DPI 16A Universal Rack PDU;Productive;1;0;;;1;0.05 sqm
IBM;C13 - 7;;16A;X32A13D14U02;ACU;DPI 16A Universal Rack PDU;Productive;1;0;;;1;0.05 sqm
IBM;C13 - 12;S2.37 PH3;32A;X32A13D14U18;ACU;DPI 32A Universal Rack PDU;Productive;2;0;;;1;0.10 sqm
IBM;C13 - 12;S1.34 PH3;32A;X32A13D14U19;ACU;DPI 32A Universal Rack PDU;Productive;2;0;;;1;0.10 sqm
Informater;RACK 45U - 600BIS;INEXISTANT;CABINET;X32A14D01;Rack;RACK 45U;Productive;247;0;;;52;0.72 sqm
IBM;ETAGERE;;;X32A14D01U20;Other;ETAGERE pour rack;Productive;1;0;;;1;0.36 sqm
Informater;RACK 45U - 600BIS;INEXISTANT;CABINET;X32A14D02;Rack;RACK 45U;Productive;247;0;;;52;0.72 sqm
Informater;RACK 45U - 600BIS;INEXISTANT;CABINET;X32A14D03;Rack;RACK 45U;Productive;247;0;;;52;0.72 sqm
Informater;RACK 45U - 600BIS;INEXISTANT;CABINET;X32A14D04;Rack;RACK 45U;Productive;247;0;;;52;0.72 sqm
Noname;Panel 24;;;X32A14D04U42;Patchpanel;Patch panel with 24 ports;Productive;1;0;;;1;0.05 sqm
Noname;Panel 36;Toa19d14u32ar;33m;X32A14D04U43;Patchpanel;Patch panel with 36 ports;Productive;1;0;;;1;0.05 sqm
Informater;RACK 45U - 600BIS;INEXISTANT;CABINET;X32A14D05;Rack;RACK 45U;Productive;247;0;;;52;0.72 sqm
Informater;RACK 45U - 600BIS;INEXISTANT;CABINET;X32A14D06;Rack;RACK 45U;Productive;247;0;;;52;0.72 sqm
IBM;C13 - 12;ON103.63 PH3;;X32A14D06U25;ACU;DPI 32A Universal Rack PDU;Productive;2;0;;;1;0.10 sqm
IBM;C13 - 12;ON102.63 PH3;;X32A14D06U26;ACU;DPI 32A Universal Rack PDU;Productive;2;0;;;1;0.10 sqm
Informater;RACK 45U - 600BIS;INEXISTANT;CABINET;X32A14D07;Rack;RACK 45U;Productive;247;0;;;52;0.72 sqm
IBM;C13 - 12;ON103.63 PH2;;X32A14D07U26;ACU;DPI 32A Universal Rack PDU;Productive;2;0;;;1;0.10 sqm
IBM;C13 - 12;ON102.63 PH2;;X32A14D07U27;ACU;DPI 32A Universal Rack PDU;Productive;2;0;;;1;0.10 sqm
Noname;Panel 36;;;X32A14D07U44;Patchpanel;Patch panel with 36 ports;Productive;1;0;;;1;0.05 sqm
Noname;Panel 36;;;X32A14D07U45;Patchpanel;Patch panel with 36 ports;Productive;1;0;;;1;0.05 sqm
Informater;RACK 45U - 600BIS;INEXISTANT;CABINET;X32A14D08;Rack;RACK 45U;Productive;247;0;;;52;0.72 sqm
IBM;C13 - 12;ON103.63 PH1;;X32A14D08U22;ACU;DPI 32A Universal Rack PDU;Productive;2;0;;;1;0.10 sqm
IBM;C13 - 12;ON102.63 PH1;;X32A14D08U23;ACU;DPI 32A Universal Rack PDU;Productive;2;0;;;1;0.10 sqm
Noname;Panel 24;CuTob21a13d13u41;;X32A14D08U45;Patchpanel;Patch panel with 24 ports;Productive;1;0;;;1;0.05 sqm
Noname;Panel 24;CuTob21a13d13u42;;X32A14D08U46;Patchpanel;;Productive;1;0;;;1;0.05 sqm
IBM;9306 - 420;23G5801;ML1_RSB201;X32A14D12;Rack;42U CABINET;Productive;117;0;;;42;0.60 sqm
IBM;7979 - B4G;KDVZYAR;ML1_X_KDVZYAR;X32A14D12U01;Server;System X3650;Productive;29;0.97;S13.58 PH0;S14.58 PH0;2;0.31 sqm
IBM;7979 - B4G;KDZZRYP;ML1_X_KDZZRYP ;X32A14D12U07;Server;System X3650;Productive;29;0.97;S13.58 PH0;S14.58 PH0;2;0.31 sqm
IBM;7945 - J2G;99C7613;IBMMESXCLINFPRD1;X32A14D12U11;Server;System X3650 M3;Productive;25;0.675;ON102.15 PH0;ON103.15 PH0;2;0.35 sqm
IBM;C13 - 12;;;X32A14D12U14;ACU;DPI 32A Universal Rack PDU;Productive;2;0;;;1;0.10 sqm
IBM;C13 - 12;;;X32A14D12U15;ACU;DPI 32A Universal Rack PDU;Productive;2;0;;;1;0.10 sqm
IBM;7947 - 52G;KD7785K;ML1_X_KD7785K;X32A14D12U16;Server;System X3650 M2;Productive;30;0.77;ON102.15 PH0;ON103.15 PH0;2;0.31 sqm
IBM;7945 - J4G;KD1R5T3;ML1_X_KD1R5T3 ;X32A14D12U20;Server;;Productive;25;0.675;S15.13 PH0;S13.14 PH0;2;0.35 sqm
IBM;7947 - 52G;KD498PA;ML1_X_KD498PA;X32A14D12U22;Server;System X3650 M2;Productive;30;0.77;ON102.15 PH0;ON103.15 PH0;2;0.31 sqm
IBM;7947 - 92G;99T0224;ML1_X_99T0224 ;X32A14D12U24;Server;System X3650 M2;Productive;30;0.77;ON102.15 PH0;ON103.15 PH0;2;0.31 sqm
IBM;7947 - 92G;99T0233;ML1_X_99T0233 ;X32A14D12U26;Server;System X3650 M2;Productive;30;0.77;ON102.15 PH0;ON103.15 PH0;2;0.31 sqm
IBM;7945 - J2G;KD17H52;ML1_X_KD17H52 ;X32A14D12U28;Server;System X3650 M2;Productive;25;0.13;ON102.15 PH0;ON103.15 PH0;2;0.35 sqm
IBM;7945 - J2G;KD37T0M;ML1_X_KD37T0M ;X32A14D12U32;Server;System X3650 M3;Productive;25;0.675;S13.14 PH0;S15.13 PH0;2;0.35 sqm
IBM;7945 - J2G;KD37P2G;ML1_X_KD37P2G ;X32A14D12U34;Server;System X3650 M3;Productive;25;0.675;S13.14 PH0;S15.13 PH0;2;0.35 sqm
IBM;7945 - J2G;KD37P0F;ML1_X_KD37P0F ;X32A14D12U36;Server;System X3650 M3;Productive;25;0.675;S15.13 PH0;S13.14 PH0;2;0.35 sqm
IBM;7946 - AC1;KQVWVCH;ML1_N_KQVWVCH ;X32A14D12U38;Server;System X3550;Productive;15.6;0.7;S13.14 PH0;;1;0.32 sqm
BAYTECH;DS3;21000985-07;ML1_N_2100098507 ;X32A14D12U39;Switch;SWITCH;Productive;2;0.07;S13.58 PH0;;1;0.08 sqm
IBM;7945 - J4G;KD41YYK;ML1_X_KD41YYK ;X32A14D12U40;Server;System X3650 M3;Productive;25;0.675;ON102.15 PH0;ON103.15 PH0;2;0.35 sqm
IBM;C13 - 7;s15.13;;X32A14D12U42;ACU;DPI 16A Universal Rack PDU 39Y8953;Productive;1;0;;;1;0.05 sqm
IBM;C13 - 7;s13.14;;X32A14D12U42;ACU;DPI 16A Universal Rack PDU 39Y8953;Productive;1;0;;;1;0.05 sqm
IBM;HEC-1000;094A1101305001;ML1_RSB202 ;X32A14D13;Rack;7014 MODEL T42 42U;Productive;261;0;;;42;0.72 sqm
Compaq;ProLiant - DL380;CZC933555Y;ML1_X_CZC933555Y ;X32A14D13U09;Server;PROLIANT RACK SERVER;Productive;23;0.4;S13.13 PH0;;2;0.29 sqm
Compaq;ProLiant - DL380;CZC9234QJN;ML1_X_CZC93234QJN ;X32A14D13U11;Server;;Productive;23;0.4;S13.13 PH0;;2;0.29 sqm
Compaq;ProLiant - DL380;CZC933553V;ML1_X_CZC933553V ;X32A14D13U15;Server;;Productive;23;0.4;S14.13 PH0;;2;0.29 sqm
HP;448;094A101000863;ML1_O_094A101000863 ;X32A14D13U19;Storage;External Tape Drive;Productive;6;0.03;S14.13 PH0;;1;0.20 sqm
HP;KVM;084A121000333;ML1_O_084A121000333 ;X32A14D13U21;Switch;SWITCH;Productive;3;0;S13.13 PH0;;1;0.10 sqm
3COM;5500-EI24;9LAFBCP39F7C0;ML1_N_9LAFBCP39F7C0 ;X32A14D13U22;Switch;SWITCH;Productive;5;0.2;S14.13 PH0;;1;0.07 sqm
3COM;5500-EI24;9LAFBCP39EDC0;ML1_N_9LAFBCP39EDC0 ;X32A14D13U23;Switch;SWITCH;Productive;5;0.2;S13.13 PH0;;1;0.07 sqm
IBM;C13 - 8;S14.13;;X32A14D13U38;ACU;IEC 16A;Productive;2;0;;;1;0.10 sqm
IBM;C13 - 8;S13.13;;X32A14D13U39;ACU;IEC 16A;Productive;2;0;;;1;0.10 sqm
Cannon;Armoire Rack;0;ML1_RNB202 ;X32A14D14;Rack;42U CABINET;Productive;270;0;;;42;0.64 sqm
PUSHKABLUE;FF06S-6P;660362;0499134031;X32A14D14U06;Other;Remote Console Access;Productive;0.42;0;S13.42 PH0;;1;0.03 sqm
Checkpoint;SM504;LR201103004751;ML1_MOB2SCS01;X32A14D14U22;Switch;;Productive;4;0.065;S13.42 PH0;;1;0.11 sqm
Nokia;IP565;93111300084;ML1_MOB2AFW02;X32A14D14U23;Switch;;Productive;11.9;0.225;S14.44 PH0;;1;0.24 sqm
JUNIPER;SSG 140;0185062011000554;MONFERNO-1;X32A14D14U25;Switch;FIREWALL;Productive;5;0.17;S13.42 PH0;;1;0.17 sqm
ISS;Proventia - GX4004C;6804398;ML1_MOB2ISS02;X32A14D14U26;Switch;Network Intrusion Prevention System;Productive;11;0.1;S13.42 PH0;;1;0.21 sqm
Cisco;2960S - 48FPS;FOC1532X5TY;ML1_MOB2ASW03-2;X32A14D14U27;Switch;SWITCH;Productive;4.5;0.009;S13.42 PH0;;1;0.13 sqm
Cisco;2960S - 48FPS;FOC1532X5SW;ML1_MOB2ASW03-1;X32A14D14U28;Switch;SWITCH;Productive;4.5;0.009;S13.42 PH0;;1;0.13 sqm
Cisco;ASA - 5540;JMX1534X0PU;ML1_MOB2AFW01;X32A14D14U30;Switch;Adaptive Security Appliance;Productive;30;0.6;s13.42;;1;0.33 sqm
IBM;9307 - 4RX;23CM525 ;;X32A15D03;Rack;Rack;Productive;125;0;;;42;0.60 sqm
IBM;9308 - 4PX;23fn812;;X32A15D04;Rack;NETFINITY ENTERPRISE RACK 42U;Productive;234;0;;;42;0.70 sqm
IBM;9307 - 4RX;23CW279;;X32A15D05;Rack;Rack;Productive;125;0;;;42;0.60 sqm
IBM;9307 - 4RX;23CW052;NC;X32A15D06;Rack;Rack;Productive;125;0;;;42;0.60 sqm
Informater;RACK 45U - 600BIS;INEXISTANT;CABINET R2-03;X32A15D09;Rack;RACK 45U;Productive;247;0;;;52;0.72 sqm
Noname;Panel 24;;;X32A15D09U42;Patchpanel;Patch panel with 24 ports;Productive;1;0;;;1;0.05 sqm
Noname;Panel 24;;;X32A15D09U43;Patchpanel;Patch panel with 24 ports;Productive;1;0;;;1;0.05 sqm
Informater;RACK 45U - 600BIS;INEXISTANT;CABINET R2-02;X32A15D10;Rack;RACK 45U;Productive;247;0;;;52;0.72 sqm
Informater;RACK 45U - 600BIS;INEXISTANT;CABINET R02-01;X32A15D11;Rack;RACK 45U;Productive;247;0;;;52;0.72 sqm
Informater;RACK 45U - 600BIS;INEXISTANT;POINT FOCAL R2-02;X32A15D12;Rack;RACK 45U;Productive;247;0;;;52;0.72 sqm
Informater;RACK 45U - 600BIS;INEXISTANT;POINT FOCAL R2-01;X32A15D13;Rack;RACK 45U;Productive;247;0;;;52;0.72 sqm
IBM;ETAGERE;;;X32A15D13U18;Other;ETAGERE pour rack;Productive;1;0;;;1;0.36 sqm
Informater;RACK 45U;INEXISTANT;ARMOIRE ELECTRIQUE 02;X32A15D15;Rack;EQUIPEMENT RACK VITRE 45U;Productive;247;0;;;45;0.77 sqm
STRATUS;FT200;20434;CMS26 TELECOM;X32A16D04;Server;STRATUS SERVER;Productive;45;0;;;43;0.52 sqm
Dell;Rack42U - PS38S;145168;LAN 1;X32A16D06;Rack;EQUIPMENT RACK 42U;Productive;170;0;;;42;0.61 sqm
SUPERMICRO;Super Chassis;SYSASM2091491;;X32A16D06U19;Other;server;Productive;6.6;0.16;;;1;0.15 sqm
SUPERMICRO;Super Chassis;SYSASM2091484;CAL0271BX-2;X32A16D06U23;Other;server;Productive;6.6;0.16;;;1;0.15 sqm
SUPERMICRO;Super Chassis;SYSASM2091534;CAL0272BX-3;X32A16D06U26;Other;server;Productive;6.6;0.16;;;1;0.15 sqm
Cisco;3750G - 24TS;FOC1347W37G;;X32A16D06U28;Switch;Cisco Catalyst switch;Productive;5.7;0.19;;;1;0.13 sqm
Cisco;3750G - 24TS;FOC1347Z4JH;;X32A16D06U30;Switch;Cisco Catalyst switch;Productive;5.7;0.19;;;1;0.13 sqm
Fortinet;FortiGate - 60D;FGT60D4614026298;;X32A16D06U33;Switch;Security appliance;Productive;0.9;0.014;;;1;0.03 sqm
BlackBox;ABC - 25;INACCESSIBLE;MNP-MOCED5 / CMS27-PART1;X32A16D06U34;Switch;8-Port Ethernet Switch ;Productive;5;0.01;S14.03 PH0;;4;0.07 sqm
BlackBox;ABC - 25;INACCESSIBLE;MNP-MOCED3 / CMS26-PART1;X32A16D06U35;Switch;8-Port Ethernet Switch ;Productive;5;0.01;S14.03 PH0;;4;0.07 sqm
MISTRAL;CHIFFREUR E-RSB;00007872;CAL0271CH-2;X32A16D06U40;Switch;CHIFFREUR E-RSB;Productive;1;0.04;;;1;0.04 sqm
MISTRAL;CHIFFREUR E-RSB;00007949;CAL0272CH-3;X32A16D06U40;Switch;CHIFFREUR E-RSB;Productive;1;0.04;;;1;0.04 sqm
Dell;Rack42U - PS38S;INEXISTANT;WAN 1;X32A16D07;Rack;EQUIPMENT RACK 42U;Productive;170;0;;;42;0.61 sqm
LANTRONIX;Modem;9903175;MODEM;X32A16D07U04;Switch;Modem;Productive;1;0.05;S15.04 PH0;;1;0.03 sqm
Multitech;MT2834;8146680;MODEM CMS26;X32A16D07U04;Switch;DATA/FAX MODEM;Productive;1;0.04;S15.04 PH0;;1;0.02 sqm
STRATUS;V109;03505463;OC1 CMS26;X32A16D07U08;Other;GRAPH;Productive;8;0.2;;;9;0.16 sqm
Dell;Rack42U - PS38S;145171;LAN 2;X32A16D08;Rack;EQUIPMENT RACK 42U;Productive;170;0;;;42;0.61 sqm
Cisco;2800 - 2800;FCZ100621D4;MNP-TFXOT1;X32A16D08U15;Switch;Catalyst 2800 series;Productive;6;0.5;S14.05 PH0;S13.04 PH0;1;0.05 sqm
Cisco;2800 - 2800;FCZ100621D3;MNP-TFXOT2;X32A16D08U16;Switch;Catalyst 2800 series;Productive;6;0.5;S14.05 PH0;S13.04 PH0;1;0.05 sqm
Dell;PowerEdge - 2850;2YCJC1J;PC Astreinte;X32A16D08U19;Server;SERVER;Productive;27;0.7;S14.05 PH0;S13.04 PH0;2;0.34 sqm
Dell;RackConsole - 15FP;6430472119;RACK CONSOLE;X32A16D08U22;Other;RACK CONSOLE;Productive;3;0.02;S14.05 PH0;;6;0.03 sqm
Cisco;3750G - 24TS;FOC1347W38K;;X32A16D08U30;Switch;Cisco Catalyst switch;Productive;5.7;0.19;S14.05 PH0;;1;0.13 sqm
Cisco;3750G - 24TS;FOC1347W38D;;X32A16D08U32;Switch;Cisco Catalyst switch;Productive;5.7;0.19;S14.03 PH0;;1;0.13 sqm
Fortinet;FortiGate - 60D;FGT60D4614025979;;X32A16D08U33;Switch;Security appliance;Productive;0.9;0.014;;;1;0.03 sqm
BlackBox;ABC - 25;INACCESSIBLE;MNP-MOCED6 / CMS27-PART2;X32A16D08U34;Switch;8-Port Ethernet Switch ;Productive;5;0.01;S14.05 PH0;S13.04 PH0;4;0.07 sqm
JUNIPER;050;0097012006000020;;X32A16D08U34;Switch;Ethernet Switch;Productive;3.6;0.065;;;1;0.11 sqm
BlackBox;ABC - 25;INACCESSIBLE;MNP-MOCED4 / CMS26-PART2;X32A16D08U35;Switch;8-Port Ethernet Switch ;Productive;5;0.01;S14.05 PH0;S13.04 PH0;4;0.07 sqm
JUNIPER;050;0097012006000040;;X32A16D08U36;Switch;Ethernet Switch;Productive;3.6;0.065;;;1;0.11 sqm
Multitech;MT2834;10864159;MODEM CMS01;X32A16D08U39;Switch;DATA/FAX MODEM;Productive;1;0.04;S14.05 PH0;;1;0.02 sqm
LANTRONIX;SCS200;9903233;LANTRONIX CMS06;X32A16D08U39;Switch;Modem console server ;Productive;1;0.05;S15.04 PH0;;1;0.03 sqm
LANTRONIX;SCS200;9904168;LANTRONIX CMS01;X32A16D08U39;Switch;Modem console server ;Productive;1;0.05;S14.05 PH0;;1;0.03 sqm
Multitech;MT2834;6928742;MODEM CMS18;X32A16D08U39;Switch;DATA/FAX MODEM;Productive;1;0.04;S14.05 PH0;;1;0.02 sqm
LANTRONIX;SCS200;8623188;LANTRONIX CMS18;X32A16D08U39;Switch;Modem console server ;Productive;1;0.05;S14.05 PH0;;1;0.03 sqm
Multitech;MT2834;10864160;MODEM CMS06;X32A16D08U39;Switch;DATA/FAX MODEM;Productive;1;0.04;S15.04 PH0;;1;0.02 sqm
Dell;Rack42U - PS38S;INEXISTANT;WAN 2;X32A16D09;Rack;EQUIPMENT RACK 42U;Productive;170;0;;;42;0.61 sqm
Multitech;MT2834;10957490;MODEM CMS27;X32A16D09U04;Switch;DATA/FAX MODEM;Productive;1;0.04;S15.06;;1;0.02 sqm
Multitech;MT2834;142266983;MODEM CMS27;X32A16D09U04;Switch;DATA/FAX MODEM;Productive;1;0.04;;;1;0.02 sqm
LANTRONIX;Modem;9903160;MODEM;X32A16D09U04;Switch;Modem;Productive;1;0.05;S15.06;;1;0.03 sqm
STRATUS;V109;416964727;OC1 CMS27;X32A16D09U08;Other;GRAPH;Productive;8;0.2;;;9;0.16 sqm
STRATUS;FT200;20435;CMS27;X32A16D10;Server;STRATUS SERVER;Productive;45;0;;;43;0.52 sqm
IBM;9307 - 4RX;23GL133;ML1_RSB203 ;X32A16D11;Rack;Rack;Productive;125;0;;;42;0.60 sqm
IBM;C13 - 12;ON105.14;;X32A16D11U01;ACU;DPI 32A Universal Rack PDU 39Y8941;Productive;2;0;;;1;0.10 sqm
IBM;C13 - 12;ON104.14;;X32A16D11U02;ACU;DPI 32A Universal Rack PDU 39Y8941;Productive;2;0;;;1;0.10 sqm
IBM;7945 - J4G;KD71RYG;ML1_X_KD71RYG ;X32A16D11U03;Server;System X3650 M3;Productive;25;0.675;ON104.14 ;ON105.14 ;2;0.35 sqm
IBM;7945 - J4G;KD71RVC;ML1_X_KD71RVC ;X32A16D11U05;Server;System X3650 M3;Productive;25;0.675;ON104.14 ;ON105.14 ;2;0.35 sqm
IBM;7945 - J4G;KD96PKF;ALLMESXCLLATPRD04;X32A16D11U07;Server;System X3650 M3;Productive;25;0.675;ON104.14 ;ON105.14 ;2;0.35 sqm
IBM;7945 - D4G;KD4A52F;ML1_X KD4A52F ;X32A16D11U09;Server;System X3650 M3;Productive;25;0.675;ON104.14 ;ON105.14 ;2;0.35 sqm
IBM;7945 - J4G;KD96PKC;ML1_X_KD96PKC;X32A16D11U11;Server;System X3650 M3;Productive;25;0.675;ON104.14 ;ON105.14 ;2;0.35 sqm
IBM;7945 - J4G;KD1R5R8;ML1_X_KD1R5R8 ;X32A16D11U13;Server;System X3650 M3;Productive;25;0.675;ON104.14 ;ON105.14 ;2;0.35 sqm
IBM;7945 - J4G;KD1R5V0;ALLMURPCLPRD01;X32A16D11U15;Server;;Productive;25;0.675;ON104.14 ;ON105.14 ;2;0.35 sqm
IBM;7945 - J4G;KD25CV3;ALLMESXCLLATPRD05;X32A16D11U17;Server;System X3650 M3;Productive;25;0.675;ON104.14 ;ON105.14 ;2;0.35 sqm
Cannon;Armoire Rack;Z8060000095908;ML1_RNB201 ;X32A16D12;Rack;42U RACK ENCLOSURE;Productive;270;0;;;42;0.64 sqm
Filler;Blank Filler;;;X32A16D12U01;Patchpanel;Blank Filler for 2145UPS;Productive;1;0;;;1;0.16 sqm
Filler;Blank Filler;;;X32A16D12U02;Patchpanel;Blank Filler for 2145UPS;Productive;1;0;;;1;0.16 sqm
Filler;Blank Filler;;;X32A16D12U03;Patchpanel;Blank Filler for 2145UPS;Productive;1;0;;;1;0.16 sqm
Filler;Blank Filler;;;X32A16D12U04;Patchpanel;Blank Filler for 2145UPS;Productive;1;0;;;1;0.16 sqm
Filler;Blank Filler;;;X32A16D12U05;Patchpanel;Blank Filler for 2145UPS;Productive;1;0;;;1;0.16 sqm
Cisco;4500 - 4506;FOX1201G7G0;ML1-moB2dsw01;X32A16D12U06;Switch;LAYERS 2/3/4 SWITCH;Productive;46;1.5;ON100.34 PH0;ON101.34 PH0;10;0.14 sqm
Nokia;IP390;93075200134;ML1_MOB2MFW01;X32A16D12U16;Switch;FIREWALL;Productive;9;0.3;ON101.34 PH0;;1;0.19 sqm
Filler;Blank Filler;;;X32A16D12U17;Patchpanel;Blank Filler for 2145UPS;Productive;1;0;;;1;0.16 sqm
Filler;Blank Filler;;;X32A16D12U18;Patchpanel;Blank Filler for 2145UPS;Productive;1;0;;;1;0.16 sqm
Filler;Blank Filler;;;X32A16D12U19;Patchpanel;Blank Filler for 2145UPS;Productive;1;0;;;1;0.16 sqm
Filler;Blank Filler;;;X32A16D12U20;Patchpanel;Blank Filler for 2145UPS;Productive;1;0;;;1;0.16 sqm
Cisco;4500 - 4506;FOX1201G7DX;ML1-moB2csw01;X32A16D12U21;Switch;LAYERS 2/3/4 SWITCH;Productive;46;1.5;ON100.34 PH0;ON101.34 PH0;10;0.14 sqm
Cisco;1900 - 1921;FCZ1851C25R;ML1_MOB2ART01;X32A16D12U31;Switch;Integrated Services Routers;Productive;6;0.07;on100.34;;1;0.10 sqm
ISS;Proventia - GX5008;R06838LA01;ML1_moB2iss01;X32A16D12U36;Switch;Intrusion Prevention System;Productive;18;0.8;ON100.34 PH0;ON101.34 PH0;2;0.22 sqm
ISS;Proventia - External Bypass Unit;60903056X1150;ML1-MOB2ISS01/BYPASS ;X32A16D12U38;Switch;Network Intrusion Prevention System;Productive;2;0;;;1;0.16 sqm
ISS;Sentry Technology - PT 40;ABNN0000454;ML1_moB2sentry01;X32A16D12U39;Switch;Power and Console Access;Productive;2;0.84;ON100.34 PH0;;1;0.16 sqm
Cisco;ASA5500 - 5510;JMX1423L3LN;ML1_MOB2AFW03;X32A16D12U40;Switch;ProCurve Switch;Productive;9;.6;ON100.34 PH0;;1;0.07 sqm
IBM;9307 - 4RX;23Y8995;ML1_RSB204 ;X32A16D14;Rack;Rack;Productive;125;0;;;45;0.60 sqm
